测量时间,运动类型,轮次,本轮序号,距离_mm,目标_X_mm,目标_Y_mm,目标_Z_mm,运动速度_%,加速度_%,控制器返回值,运动调用耗时_s,首次满足停稳条件总耗时_s,确认停稳总耗时_s,调用返回后等待_s,采样次数,最终位置误差_mm,最终姿态误差_deg,最终线速度_mm_s,最终姿态速度_deg_s
2026-08-12T13:29:23,MoveL,1,1,2.0,-337.4151306152343,-223.0,330.0,100.0,100.0,0,0.06826020900007279,0.31799961000069743,0.36945777499931864,0.29442052800004603,28,0.08880354100738161,0.009674072265738687,2.271584286382582,0.38631486345825045
2026-08-12T13:29:24,MoveL,1,2,5.0,-337.4151306152343,-220.0,330.0,100.0,100.0,0,0.10665854000035324,0.2719694839997828,0.28887570400002005,0.17612741199991433,17,0.18597217054254908,0.016754150390625,2.657297853342768,0.3613965910815424
2026-08-12T13:29:24,MoveL,1,3,10.0,-337.4151306152343,-215.0,330.0,100.0,100.0,0,0.14709900699926948,0.2741674770004465,0.2918114690000948,0.13841718200092146,13,0.28045200182339797,0.0226287841796875,2.775714654684607,0.3228046754243353
2026-08-12T13:29:25,MoveL,1,4,15.0,-337.4151306152343,-210.0,330.0,100.0,100.0,0,0.17841551499986963,0.3400017439998919,0.35714573999939603,0.17279931700068119,17,0.12175279903760668,0.0117950439453125,1.82058264401867,0.04949440413964884
2026-08-12T13:29:26,MoveL,1,5,20.0,-337.4151306152343,-205.0,330.0,100.0,100.0,0,0.2103586119992542,0.3707127269990451,0.38937492199875123,0.17222015100014687,16,0.14800397407344945,0.01457977294921875,2.603518335780272,0.4785919945864922
2026-08-12T13:29:27,MoveL,1,6,30.0,-337.4151306152343,-195.0,330.0,100.0,100.0,0,0.298488422000446,0.41041787500034843,0.42736741800035816,0.12339784599862469,12,0.1163402497077434,0.00891876220703125,1.201110000877566,0.256909364895796
2026-08-12T13:29:28,MoveL,1,7,40.0,-337.4151306152343,-185.0,330.0,100.0,100.0,0,0.3369227450002654,0.45497014700049476,0.4729968430001463,0.12924575400029426,13,0.08249669774856036,0.00848388671875,2.221799679544505,0.06561280842805335
2026-08-12T13:29:29,MoveL,1,8,60.0,-337.4151306152343,-165.0,330.0,100.0,100.0,0,0.4049319719997584,0.506009290998918,0.5232469099992159,0.11228815599861264,11,0.13302190572239708,0.0076141357421875,2.95093342848451,0.6325034499079832
2026-08-12T13:29:30,MoveL,1,9,80.0,-337.4151306152343,-145.0,330.0,100.0,100.0,0,0.4551573040007497,0.5557616799997049,0.5815492719993927,0.12097381799867435,12,0.2297157542902625,0.02044677734375,1.805744077561149,0.04306507981357099
2026-08-12T13:29:31,MoveL,1,10,100.0,-337.4151306152343,-125.0,330.0,100.0,100.0,0,0.5014963440007705,0.6245362040008331,0.6402831449995574,0.1334424510005192,13,0.31863345630320683,0.02501678466796875,1.783292268862566,0.1861733952323725
2026-08-12T13:29:32,MoveL,1,11,150.0,-337.4151306152343,-75.0,330.0,100.0,100.0,0,0.593320586000118,0.7071033930005797,0.7222995760002959,0.12421999999969557,12,0.4250426936295894,0.04285430908203125,1.82763240797394,0.22402371839179375
2026-08-12T13:29:34,MoveL,1,12,200.0,-337.4151306152343,-25.0,330.0,100.0,100.0,0,0.6681629590002558,0.7848189720007213,0.8005330940013664,0.12687844500032952,13,0.4221035947346275,0.03937530517578125,1.404166396298354,0.28231912323221015
2026-08-12T13:29:36,MoveL,1,13,250.0,-337.4151306152343,25.0,330.0,100.0,100.0,0,0.7199861119988782,0.8706946179991064,0.8877937929992186,0.16158481599995866,16,0.4965851630370627,0.04416656494140625,2.081877244912986,0.3125280767145117
2026-08-12T13:29:37,MoveL,1,14,300.0,-337.4151306152343,75.0,330.0,100.0,100.0,0,0.7830294309987949,0.9269232649985497,0.9441331599991827,0.1553652479997254,15,0.5688920204827145,0.05178070068359375,2.01908088473198,0.4137444027414023
2026-08-12T13:29:40,MoveL,1,15,350.0,-337.4151306152343,125.0,330.0,100.0,100.0,0,0.8444949320000887,1.0095936939997046,1.0255495280016476,0.1756165669994516,16,0.6299751861338513,0.0530853271484375,1.551467720749894,0.21854049796570188
2026-08-12T13:29:42,MoveL,1,16,400.0,-337.4151306152343,175.0,330.0,100.0,100.0,0,0.9044041029992513,1.081064432997664,1.1227723070005595,0.2107659879984567,20,0.7179615573826313,0.05743408203125,1.389901477940012,0.2469280561236391
2026-08-12T13:29:44,MoveL,1,17,450.0,-337.4151306152343,225.0,330.0,100.0,100.0,0,0.9771803359999467,1.1325896919988736,1.1702945580000232,0.1872559639996325,19,0.7246438825363536,0.05178070068359375,1.455387748188335,0.218433672719599
2026-08-12T13:29:47,MoveL,2,1,450.0,-337.4151306152343,225.0,330.0,100.0,100.0,0,0.9785447030008072,1.1237299460008217,1.1646652069994161,0.17967891399894143,17,0.7238217976095777,0.05046844482421875,1.88167845438728,0.2961457384298285
2026-08-12T13:29:49,MoveL,2,2,400.0,-337.4151306152343,175.0,330.0,100.0,100.0,0,0.9046757910000451,1.0850082889992336,1.101465339999777,0.19075345599958382,18,0.7137694533275858,0.05634307861328125,2.774921023822652,0.4054587711426108
2026-08-12T13:29:52,MoveL,2,3,350.0,-337.4151306152343,125.0,330.0,100.0,100.0,0,0.8435169870008394,0.9986428690008324,1.016751479000959,0.1665114570005244,16,0.6199263241420991,0.05178070068359375,1.122454818900076,0.17935709635330316
2026-08-12T13:29:54,MoveL,2,4,300.0,-337.4151306152343,75.0,330.0,100.0,100.0,0,0.7828977029985253,0.9382531159972132,0.9554740599996876,0.1669164909999381,16,0.5780982465610722,0.053955078125,1.945744517241618,0.28621449975537827
2026-08-12T13:29:56,MoveL,2,5,250.0,-337.4151306152343,25.0,330.0,100.0,100.0,0,0.7199665699990874,0.8776993119990948,0.8932806479988358,0.167974043999493,17,0.5105738257629557,0.0489501953125,2.64560036415498,0.41426498262230027
2026-08-12T13:29:57,MoveL,2,6,200.0,-337.4151306152343,-25.0,330.0,100.0,100.0,0,0.6711686030012061,0.79388853400269,0.833030558000246,0.15581308200125932,15,0.48527468608823465,0.04785919189453125,1.92979362737467,0.37546685396532126
2026-08-12T13:29:59,MoveL,2,7,150.0,-337.4151306152343,-75.0,330.0,100.0,100.0,0,0.5947895650006103,0.7075545339994278,0.7232364450010209,0.12300373799916997,12,0.4149648909348815,0.04177093505859375,0.5998567480948037,0.24933080227035226
2026-08-12T13:30:00,MoveL,2,8,100.0,-337.4151306152343,-125.0,330.0,100.0,100.0,0,0.5022458080002252,0.6153687389996776,0.6323849670006894,0.12453837799876055,12,0.28144603468733437,0.020233154296875,1.639939374938917,0.4109237921028914
2026-08-12T13:30:02,MoveL,2,9,80.0,-337.4151306152343,-145.0,330.0,100.0,100.0,0,0.455421912998645,0.5622690039999725,0.5790271709993249,0.1183668760004366,12,0.21153699051267674,0.01827239990234375,2.010291458939198,0.3693428060134179
2026-08-12T13:30:03,MoveL,2,10,60.0,-337.4151306152343,-165.0,330.0,100.0,100.0,0,0.40438224599893147,0.5147481609983515,0.5316530259988212,0.1214024420005444,12,0.13796737270192752,0.006744384765625,1.167842762508783,0.2057478732303192
2026-08-12T13:30:04,MoveL,2,11,40.0,-337.4151306152343,-185.0,330.0,100.0,100.0,0,0.33609331600018777,0.4696678320015053,0.48883713400027773,0.1458811490010703,14,0.12753068511627502,0.01305389404296875,2.481137752426243,0.23393761057620488
2026-08-12T13:30:05,MoveL,2,12,30.0,-337.4151306152343,-195.0,330.0,100.0,100.0,0,0.29629221799950756,0.4286570589993062,0.4913155949998327,0.18775371099945914,18,0.08582861461253992,0.00457000732421875,1.386597487023494,0.23436892638569456
2026-08-12T13:30:06,MoveL,2,13,20.0,-337.4151306152343,-205.0,330.0,100.0,100.0,0,0.2298180819998379,0.36808835599913436,0.3867159019991959,0.15024097099922074,14,0.11136678078946477,0.0127410888671875,2.223023333179348,0.3433682976305579
2026-08-12T13:30:06,MoveL,2,14,15.0,-337.4151306152343,-210.0,330.0,100.0,100.0,0,0.17957475199909823,0.35461464899890416,0.3731624229985755,0.18692676899991056,18,0.11046564484269389,0.013870239258039874,1.598809481245766,0.09740893759450742
2026-08-12T13:30:07,MoveL,2,15,10.0,-337.4151306152343,-215.0,330.0,100.0,100.0,0,0.14737172099921736,0.29073644599884574,0.350936474998889,0.19752922499901615,19,0.12470717049235017,0.01065826416015625,1.746506891721904,0.12022135265205136
2026-08-12T13:30:08,MoveL,2,16,5.0,-337.4151306152343,-220.0,330.0,100.0,100.0,0,0.10480945199924463,0.2690928680003708,0.32979757800057996,0.22010094200049934,21,0.14007807378444465,0.013702392578125,2.025792603437015,0.3719728235867879
2026-08-12T13:30:09,MoveL,2,17,2.0,-337.4151306152343,-223.0,330.0,100.0,100.0,0,0.06844191399977717,0.2516116740007419,0.3981197789998987,0.3235476200006815,29,0.07010894191626511,0.00717926025390625,2.480666629527729,0.4043635787675365
2026-08-12T13:30:09,MoveL,3,1,2.0,-337.4151306152343,-223.0,330.0,100.0,100.0,0,0.0709747700002481,0.2608259509997879,0.32792405699910887,0.25150190199929057,25,0.10227644305065198,0.00783538818359375,2.607782406830448,0.4439339193335672
2026-08-12T13:30:10,MoveL,3,2,5.0,-337.4151306152343,-220.0,330.0,100.0,100.0,0,0.10716583799876389,0.2138724429987633,0.3296071659988229,0.21601470499990683,20,0.12529585609022717,0.01152801513671875,2.871513157657348,0.5231461103888192
2026-08-12T13:30:11,MoveL,3,3,10.0,-337.4151306152343,-215.0,330.0,100.0,100.0,0,0.14924809600051958,0.29194192700015265,0.3084822159999021,0.15325496299919905,15,0.23138513265537985,0.01827239990234375,2.424648469616197,0.1173749152841982
2026-08-12T13:30:11,MoveL,3,4,15.0,-337.4151306152343,-210.0,330.0,100.0,100.0,0,0.17840780899859965,0.3528072089975467,0.3696375919989805,0.18503010099993844,18,0.1141478843146823,0.0130462646484375,1.533777773130765,0.17091003057109228
2026-08-12T13:30:12,MoveL,3,5,20.0,-337.4151306152343,-205.0,330.0,100.0,100.0,0,0.2247058510001807,0.36135200599892414,0.37980011599938734,0.14831027199943492,15,0.13947058736636375,0.0126800537109375,2.52318045913211,0.4978863356389615
2026-08-12T13:30:13,MoveL,3,6,30.0,-337.4151306152343,-195.0,330.0,100.0,100.0,0,0.2979710489998979,0.42607376799969643,0.44257745199865894,0.1385625559996697,14,0.08562707782962743,0.00478363037109375,1.89335442399341,0.08087173634465918
2026-08-12T13:30:14,MoveL,3,7,40.0,-337.4151306152343,-185.0,330.0,100.0,100.0,0,0.33731458600050246,0.45246490399949835,0.47141575000023295,0.12750902799962205,12,0.08731254567875875,0.00739288330078125,2.760294697499097,0.11683743246056837
2026-08-12T13:30:15,MoveL,3,8,60.0,-337.4151306152343,-165.0,330.0,100.0,100.0,0,0.40248243199857825,0.524743503998252,0.5417560329988191,0.13348182800109498,13,0.1695568010527308,0.010223388671875,1.524956996889865,0.065612799549453
2026-08-12T13:30:16,MoveL,3,9,80.0,-337.4151306152343,-145.0,330.0,100.0,100.0,0,0.4514093440011493,0.5555240100002266,0.5731990940003016,0.11531813200053875,11,0.22276707869087492,0.02327728271484375,1.66506602245889,0.37457404351031726
2026-08-12T13:30:17,MoveL,3,10,100.0,-337.4151306152343,-125.0,330.0,100.0,100.0,0,0.5011407909987611,0.6134537319994706,0.628826594000202,0.12241793199973472,12,0.2834851234948738,0.01827239990234375,2.59221094211696,0.601349776417278
2026-08-12T13:30:18,MoveL,3,11,150.0,-337.4151306152343,-75.0,330.0,100.0,100.0,0,0.5938517070007947,0.7029758480020973,0.7201648640002531,0.12045540600047389,12,0.412859292282826,0.040679931640625,0.5790886354853045,0.2078970714949338
2026-08-12T13:30:20,MoveL,3,12,200.0,-337.4151306152343,-25.0,330.0,100.0,100.0,0,0.664257328999156,0.7841676129992265,0.8023735709994071,0.13176665699938894,13,0.4583768853761483,0.047210693359375,1.586969493851525,0.2043861558047421
2026-08-12T13:30:22,MoveL,3,13,250.0,-337.4151306152343,25.0,330.0,100.0,100.0,0,0.7207649940010015,0.8720260130012321,0.8877411209996353,0.16219378100140602,15,0.501133929149639,0.04742431640625,2.86615953285612,0.4788593808633019
2026-08-12T13:30:24,MoveL,3,14,300.0,-337.4151306152343,75.0,330.0,100.0,100.0,0,0.7848644810001133,0.9396654140000464,0.9575163099998463,0.16649182899891457,16,0.5835648454280234,0.05525970458984375,2.485973321601437,0.3746084632942577
2026-08-12T13:30:26,MoveL,3,15,350.0,-337.4151306152343,125.0,330.0,100.0,100.0,0,0.8440214689999266,1.0112414369996259,1.0303325780005252,0.17928351200134784,17,0.6332431644668743,0.0532989501953125,2.173535635773693,0.37071209137844274
2026-08-12T13:30:28,MoveL,3,16,400.0,-337.4151306152343,175.0,330.0,100.0,100.0,0,0.9061522289994173,1.0778462729995226,1.0955500789987127,0.18309319999934814,17,0.7103456900235219,0.0548248291015625,1.962029306075547,0.3500427778763556
2026-08-12T13:30:30,MoveL,3,17,450.0,-337.4151306152343,225.0,330.0,100.0,100.0,0,0.9813679210001283,1.1306268879998242,1.1491393060005066,0.16149856700030796,15,0.7042741134199786,0.04872894287109375,1.912074224131417,0.2834950825635223
2026-08-12T13:30:33,MoveL,4,1,450.0,-337.4151306152343,225.0,330.0,100.0,100.0,0,0.9806463190016075,1.1304324090015143,1.147637845000645,0.16095064600085607,16,0.6983235311809821,0.04611968994140625,2.67666474952625,0.3755934512561577
2026-08-12T13:30:35,MoveL,4,2,400.0,-337.4151306152343,175.0,330.0,100.0,100.0,0,0.9032148870010133,1.0900156469997455,1.1072079010009475,0.19796530199892004,19,0.721578870372226,0.0583038330078125,2.521873483249676,0.35149283729944686
2026-08-12T13:30:38,MoveL,4,3,350.0,-337.4151306152343,125.0,330.0,100.0,100.0,0,0.8449869460000627,1.0070613120005873,1.023318195999309,0.17255247899993265,16,0.6173986281022894,0.0513458251953125,1.229921107432779,0.155971461143585
2026-08-12T13:30:40,MoveL,4,4,300.0,-337.4151306152343,75.0,330.0,100.0,100.0,0,0.7815877749999345,0.9324079219986743,0.9502115489995049,0.16267774799962353,15,0.5751007357320577,0.05525970458984375,1.97761926959295,0.2968503419519164
2026-08-12T13:30:42,MoveL,4,5,250.0,-337.4151306152343,25.0,330.0,100.0,100.0,0,0.721236699999281,0.875327527999616,0.8907406870002887,0.1642228820001037,16,0.50468535455634,0.04698944091796875,2.697233030039745,0.4412483094800744
2026-08-12T13:30:44,MoveL,4,6,200.0,-337.4151306152343,-25.0,330.0,100.0,100.0,0,0.6686561189999338,0.7917811059996893,0.8081354750011087,0.13405990300088888,13,0.47801874599567473,0.04785919189453125,2.372062630396045,0.397654185527987
2026-08-12T13:30:45,MoveL,4,7,150.0,-337.4151306152343,-75.0,330.0,100.0,100.0,0,0.5928454429995327,0.7090654080002423,0.7347679320009775,0.1362998750009865,14,0.431280157192436,0.04177093505859375,2.19097933631208,0.2840437755331437
2026-08-12T13:30:47,MoveL,4,8,100.0,-337.4151306152343,-125.0,330.0,100.0,100.0,0,0.5015157729994826,0.61414529799913,0.6330571279995638,0.12483402199904958,12,0.28924293178746313,0.02001190185546875,1.880791834483114,0.4643595893441568
2026-08-12T13:30:48,MoveL,4,9,80.0,-337.4151306152343,-145.0,330.0,100.0,100.0,0,0.45479972300017835,0.5587826680002763,0.576698277000105,0.1154942379998829,11,0.23546410526999123,0.02349853515625,2.010186639697636,0.3707346652722709
2026-08-12T13:30:49,MoveL,4,10,60.0,-337.4151306152343,-165.0,330.0,100.0,100.0,0,0.4083029949997581,0.5097099209997396,0.5273446020000847,0.11211610799909977,11,0.12617111061883932,0.00478363037109375,2.555868575732406,0.5235878858402201
2026-08-12T13:30:50,MoveL,4,11,40.0,-337.4151306152343,-185.0,330.0,100.0,100.0,0,0.33749684800022806,0.4631196490008733,0.5149117990004015,0.17214193899962993,16,0.1589664811473042,0.0150146484375,0.39228147714383876,0.11128414250522307
2026-08-12T13:30:51,MoveL,4,12,30.0,-337.4151306152343,-195.0,330.0,100.0,100.0,0,0.29912201300066954,0.428900077000435,0.493612848000339,0.18874904299991613,17,0.08643200011426579,0.0026092529296875,1.109308717654909,0.2185002707765291
2026-08-12T13:30:52,MoveL,4,13,20.0,-337.4151306152343,-205.0,330.0,100.0,100.0,0,0.2270265980005206,0.3652803450004285,0.38369620500088786,0.15040251500067825,14,0.15217037376397963,0.0128326416015625,2.639675689934809,0.5647634459897798
2026-08-12T13:30:53,MoveL,4,14,15.0,-337.4151306152343,-210.0,330.0,100.0,100.0,0,0.1790578669988463,0.3434328610001103,0.36081235699930403,0.17584543600059988,16,0.13606660141251167,0.011444091796988687,1.549013616174584,0.08947666537801811
2026-08-12T13:30:53,MoveL,4,15,10.0,-337.4151306152343,-215.0,330.0,100.0,100.0,0,0.14714748899859842,0.2856331240000145,0.30273429399858287,0.1496835830002965,14,0.2593924451901399,0.020233154296875,2.707619987667407,0.08121607419711233
2026-08-12T13:30:54,MoveL,4,16,5.0,-337.4151306152343,-220.0,330.0,100.0,100.0,0,0.10725813699900755,0.278533470000184,0.3338917429991852,0.2194503110004007,20,0.14642910550438756,0.01413726806640625,2.879153975331926,0.5266433659002607
2026-08-12T13:30:55,MoveL,4,17,2.0,-337.4151306152343,-223.0,330.0,100.0,100.0,0,0.070727670999986,0.2900020859997312,0.37246604599931743,0.2954170239991072,27,0.10415178182670251,0.010498046875,2.559335178955089,0.40540578311313447
2026-08-12T13:30:55,MoveL,5,1,2.0,-337.4151306152343,-223.0,330.0,100.0,100.0,0,0.07195086300089315,0.2906942670015269,0.3673054049995699,0.2877577350009233,26,0.08034831642059603,0.0092620849609375,2.217822341850076,0.3704372510793997
2026-08-12T13:30:56,MoveL,5,2,5.0,-337.4151306152343,-220.0,330.0,100.0,100.0,0,0.10530405999998038,0.20717890899868507,0.3269674240000313,0.2147455340000306,20,0.12392849648661594,0.01152801513671875,2.13972623083852,0.3890719365144306
2026-08-12T13:30:57,MoveL,5,3,10.0,-337.4151306152343,-215.0,330.0,100.0,100.0,0,0.1499498630000744,0.28270265799983463,0.2995203139998921,0.1440137829995365,14,0.2604955245863019,0.0193634033203125,2.194264799967367,0.12588166098226897
2026-08-12T13:30:57,MoveL,5,4,15.0,-337.4151306152343,-210.0,330.0,100.0,100.0,0,0.17982874200060905,0.349230838000949,0.3669146600004751,0.18080424000072526,17,0.1325924721455891,0.01324462890625,1.496111623194134,0.09264040664778161
2026-08-12T13:30:58,MoveL,5,5,20.0,-337.4151306152343,-205.0,330.0,100.0,100.0,0,0.22541066399935517,0.3721663439991971,0.3898979719997442,0.15853204400082177,15,0.09172375409686966,0.0095367431640625,2.466326840940592,0.4618743982480683
2026-08-12T13:30:59,MoveL,5,6,30.0,-337.4151306152343,-195.0,330.0,100.0,100.0,0,0.29709314100000483,0.4251579910014698,0.4907588170008239,0.1865532700012409,17,0.0835008076123343,0.00304412841796875,1.51813832551613,0.30777691953588393
2026-08-12T13:31:00,MoveL,5,7,40.0,-337.4151306152343,-185.0,330.0,100.0,100.0,0,0.33419059200059564,0.45154958000057377,0.47071870699983265,0.12949961100093788,12,0.07682728620274869,0.00783538818359375,2.415851844195075,0.13905647309577365
2026-08-12T13:31:01,MoveL,5,8,60.0,-337.4151306152343,-165.0,330.0,100.0,100.0,0,0.4036716430000524,0.5098985209988314,0.5287455199995748,0.11790434700014885,11,0.13588108530919124,0.0058746337890625,2.62304264914711,0.5558931982197346
2026-08-12T13:31:02,MoveL,5,9,80.0,-337.4151306152343,-145.0,330.0,100.0,100.0,0,0.4558595079997758,0.5520623579996027,0.5687438810000458,0.10767003299952194,10,0.19737602440022298,0.01740264892578125,1.994715377072556,0.40021178146344766
2026-08-12T13:31:03,MoveL,5,10,100.0,-337.4151306152343,-125.0,330.0,100.0,100.0,0,0.5018782520000968,0.6068510220011376,0.6253616079993662,0.11726203100079147,11,0.27357647974201876,0.018707275390625,2.824459250519753,0.649539938763767
2026-08-12T13:31:05,MoveL,5,11,150.0,-337.4151306152343,-75.0,330.0,100.0,100.0,0,0.5904295000000275,0.7057512070005032,0.7214498110006389,0.1259702709994599,12,0.4125152516887054,0.04024505615234375,0.7143529662468465,0.15482853385514728
2026-08-12T13:31:06,MoveL,5,12,200.0,-337.4151306152343,-25.0,330.0,100.0,100.0,0,0.6694838139992498,0.7922938729989255,0.8090382939990377,0.1332171340000059,13,0.4762481919326882,0.047210693359375,2.667436684954913,0.4393632596661665
2026-08-12T13:31:08,MoveL,5,13,250.0,-337.4151306152343,25.0,330.0,100.0,100.0,0,0.7184089639995364,0.8598111089995655,0.8773359110000456,0.15227155599859543,15,0.48775625231282044,0.04416656494140625,1.17601319651808,0.1752822417792759
2026-08-12T13:31:10,MoveL,5,14,300.0,-337.4151306152343,75.0,330.0,100.0,100.0,0,0.7835364880011184,0.934539746001974,0.9507505430010497,0.16188794600020628,15,0.5739977271451505,0.05525970458984375,1.280025973289317,0.17126630143615618
2026-08-12T13:31:12,MoveL,5,15,350.0,-337.4151306152343,125.0,330.0,100.0,100.0,0,0.8431779170005029,1.0183015470011014,1.0358684490001906,0.186229736000314,18,0.6465184508516371,0.055908203125,2.3549626282695,0.3897196743239652
2026-08-12T13:31:14,MoveL,5,16,400.0,-337.4151306152343,175.0,330.0,100.0,100.0,0,0.9033867590005684,1.08128564099934,1.099605610999788,0.18993407000016305,18,0.7152034502372664,0.0565643310546875,2.178677239321998,0.33433953883455686
2026-08-12T13:31:17,MoveL,5,17,450.0,-337.4151306152343,225.0,330.0,100.0,100.0,0,0.976894474000801,1.1257059210001898,1.173876412000027,0.19128534700030286,19,0.7426145767884527,0.05438995361328125,2.52172345151604,0.3500030113185972
