运行编号,任务序号,方块类别,高位检测像素X,高位检测像素Y,实测TCP位置X,实测TCP位置Y,实测TCP位置Z,affine_预测TCP_X,affine_预测TCP_Y,affine_预测TCP_Z,affine_OOF三维误差,homography_预测TCP_X,homography_预测TCP_Y,homography_预测TCP_Z,homography_OOF三维误差,poly2_预测TCP_X,poly2_预测TCP_Y,poly2_预测TCP_Z,poly2_OOF三维误差,poly3_预测TCP_X,poly3_预测TCP_Y,poly3_预测TCP_Z,poly3_OOF三维误差
20260719_145127_668001,1,L_yellow,288.0,307.0,-279.3433532714843,-148.5853271484375,197.1634521484375,-279.3303879483427,-149.1366911233708,197.56188124893106,0.6803793651916049,-279.3843261229047,-148.6898423834608,197.56512211732885,0.41706231286784845,-279.50353663758597,-148.47060375176548,197.6237742663883,0.500716107983682,-279.65747644176815,-147.85635563532796,197.82677891932946,1.034444410307452
20260719_145127_668001,2,T,246.0,536.0,-169.8935241699218,-170.0523376464843,196.9694366455078,-170.69937231241613,-169.65244404510105,197.40981380029862,1.0016177712333612,-169.89891669683846,-169.44383887829775,197.4128676101065,0.7529481061773134,-170.14871323934625,-169.53114819628104,197.64913751526908,0.8937299236968107,-170.18994969811823,-169.4466954802067,197.7449970608424,1.0276986353858302
20260719_145127_668001,3,line,1062.0,570.0,-151.200942993164,219.1703796386718,202.1607360839843,-150.33709912073928,218.37175293525485,201.40058744565215,1.4006629857658706,-151.64579452952117,218.90247023167532,201.40753113152957,0.9148694115330606,-151.1958663333114,218.74367453285922,201.29172088348685,0.96813761340906,-150.99423116087067,218.50184181464945,201.23778707983888,1.1582346342652645
20260719_145127_668001,4,z_green,1173.0,123.0,-361.9444885253906,271.7509765625,201.8382568359375,-362.5407439563968,272.4130905246444,201.8339414085176,0.8910297754759654,-361.4514755821921,271.7722361789793,201.82977594520582,0.49354397875138484,-361.61655827520946,271.6101855265432,201.68600790305663,0.38799497722655346,-361.7537116383212,272.11464191002193,201.90991377902438,0.416872910034588
20260719_145127_668001,5,L_yellow,374.0,406.0,-231.3754425048828,-106.5049972534179,199.0299072265625,-231.86531362939323,-108.40502700383023,197.9820046614098,2.224451967819184,-231.6618408243199,-107.373859934839,197.99259280183074,1.3831007093842635,-232.0029824733074,-106.99626056047332,198.2714368868719,1.1001923945473149,-232.51120519609586,-106.56845897078549,198.351187894364,1.324629839699656
20260719_145127_668001,6,L_blue,266.0,429.0,-221.5801544189453,-158.4837493896484,198.1352081298828,-221.41135413685979,-159.5690233523662,197.5198878274279,1.2589408977384637,-221.1113004658522,-159.60528265487525,197.51831975034847,1.3631625607923434,-221.10612363560003,-159.59372475837608,197.473189814536,1.3765968010262533,-221.31767929758814,-159.49279906465236,197.38863020029626,1.2823622892547875
20260719_145127_668001,7,L_yellow,316.0,554.0,-162.2196960449218,-134.8653869628906,197.7244720458984,-161.67250840524795,-136.27016992576938,197.9589781319552,1.5257203512452722,-160.77930421912953,-135.73933280485278,197.96376290803357,1.701696231174513,-161.1390567768697,-135.779728687338,198.31735524595837,1.5347027417825807,-161.1188301290308,-135.63249753973747,198.74391246844797,1.6851181492728815
20260719_145127_668001,8,T,1220.0,547.0,-161.3023529052734,292.7080078125,201.869171142578,-160.2809347873204,293.492465766394,202.31886094296587,1.3641444827008158,-161.7364715621859,292.4316711494344,202.30738953888107,0.6759114753369356,-161.1441050915933,292.24110135107003,201.8715246931367,0.4930005613179595,-160.75209315026348,292.31137883026435,201.9222413713335,0.6803798914672914
20260719_145127_668001,9,z_blue,998.0,481.0,-194.0045471191406,188.2555084228515,201.4642639160156,-192.9913964535118,188.18145542046452,201.05325670534458,1.0958490067751796,-193.7693798917229,189.12562435113352,201.06424742419287,0.9861128471080596,-193.69842841574442,189.33967905430615,201.13355402387302,1.1740969514646853,-193.77994463157106,188.79236488134234,200.92089736190152,0.7961836136065255
20260719_145127_668001,10,z_green,409.0,542.0,-167.4647827148437,-90.5464401245117,199.531051635742,-166.88264888636058,-92.18901791556428,198.18646018894174,2.2011060294161084,-166.46456943426188,-90.90137726669182,198.19876217803082,1.703350281263239,-166.72908606706326,-90.71481018167049,198.64372242401913,1.1648824677536012,-167.0021280436213,-90.12388944324526,198.92949650777973,0.8686005957978189
20260719_145127_668001,11,square,127.0,346.0,-261.8802490234375,-227.0294647216797,196.6232299804687,-261.6485955030659,-225.37124856382528,196.79392344752958,1.682997456732263,-261.5906166461444,-226.65221839861414,196.7789124669795,0.5004385465260728,-261.08613916176773,-226.7857557637182,196.23578875658177,0.9165780002590297,-261.11752253472923,-227.05564365538797,195.8160572068113,1.1108397362721145
20260719_145127_668001,12,L_blue,1190.0,264.0,-294.9754028320312,280.3582153320312,202.5410919189453,-295.4420981550832,280.04630796693397,201.87581322977337,0.8704518730101412,-294.9717755673642,279.09200000678265,201.8699996633884,1.4330663705536086,-294.9872261209168,278.7075929344996,201.2526974663018,2.093956626818141,-295.2815023451111,278.973219482804,200.9887099341273,2.102807704254461
20260719_145127_668001,13,line,1022.0,415.0,-224.0006256103515,200.6336517333984,200.5441741943359,-224.5230075305355,199.83935035155557,201.14750862617652,1.1259706889510888,-224.77267699600645,200.3176700652951,201.15382936646037,1.0332411071803078,-224.70705811754482,200.4981225444441,201.28869109670967,1.0352393279808596,-224.73350475753958,199.8307497075874,201.32377334683585,1.337736276705235
20260719_145127_668001,14,square,1098.0,380.0,-240.261276245117,234.807418823242,200.5149688720703,-240.50978185256196,236.02941690804312,201.50050448352104,1.5894385164663596,-240.99035634147907,236.2012215479704,201.50358355771758,1.8578489763834682,-240.9212982584285,236.37830895913402,201.42883797877494,1.9335153532588654,-240.90423701016636,235.9536011274694,201.28038849559223,1.5208548977431606
20260719_145127_668001,15,z_green,153.0,573.0,-151.2161865234375,-215.7836608886718,197.014419555664,-153.7822776628769,-213.63428829903575,197.1224941807113,3.349075452952248,-152.6526777615016,-214.35050316889632,197.11298713378943,2.031542196028533,-153.05819331789255,-214.65917682143078,196.96787511348495,2.1586152583068627,-153.02552399883837,-215.38293859275143,195.6755042464917,2.286257785874909
20260719_145127_668001,16,z_blue,305.0,179.0,-340.1055908203125,-140.1702270507812,197.5905303955078,-340.16947567570594,-140.70999409696788,197.6245723164269,0.5445994778528516,-340.6180749391017,-140.17140527629812,197.62873761659546,0.5139077270967429,-340.61627295525943,-140.01093633667932,197.74326611742384,0.5563254221247241,-340.4923570698956,-139.4153642534593,197.9858372419311,0.935774266277045
20260719_145127_668001,17,T,1127.0,489.0,-189.097457885742,249.008560180664,201.2066650390625,-188.5661033839231,249.55948602249964,201.66736451128477,0.8933649274016706,-189.4622359429349,249.3484008294637,201.66644541384227,0.6781981204771016,-189.17451816089653,249.25213266828294,201.5973587754604,0.4668055680819647,-189.2738028404925,249.11212292833096,201.49915060583518,0.3568901687363002
20260719_145127_668001,18,line,228.0,200.0,-331.004180908203,-176.5386352539062,196.69091796875,-330.6664593986534,-177.13782746167263,197.3212029758172,0.9329235284813946,-331.16330157265133,-177.5970612996369,197.3143511760242,1.238650089439217,-330.8959227067278,-177.71026572224574,197.0373746091757,1.2265683822042948,-330.8131168738385,-177.50275952407077,197.04574557905684,1.0449611029048296
20260719_145127_668001,19,L_blue,201.0,359.0,-255.1993713378906,-190.4439392089843,196.4239044189453,-255.08271335758013,-190.43190143982605,197.26545094866557,0.8496790887980231,-254.71808612350682,-190.92687639712628,197.25938636384603,1.0783755679400464,-254.67748430339807,-190.8758902338961,197.02684307345064,0.9069083668102527,-254.92631784321858,-190.724528835357,196.9155854821862,0.6285212942536403
20260719_145127_668001,20,L_blue,120.0,79.0,-388.9753112792968,-231.603042602539,196.173095703125,-388.8021030734933,-227.84681789962045,196.650558323536,3.790408375790532,-389.9691799290004,-229.10098988150907,196.63537954346884,2.7316202262979403,-389.34745941740994,-229.28110250129959,196.13945672883327,2.35181454435425,-389.79726725183224,-229.14664506215254,196.08735317051867,2.5916890784006203
20260719_145127_668001,21,T,1080.0,265.0,-295.3153381347656,227.475860595703,201.7438812255859,-295.44519314224084,227.6937319997036,201.2804405054627,0.528306324697981,-295.1734132914794,228.0767976469743,201.28620930720442,0.7685906489201292,-295.32368444448343,228.35049264418055,201.2665276851994,0.9964523489005613,-294.9590764161302,227.76664376068533,200.9824639217429,0.8895131093996191
20260719_145127_668001,22,square,1244.0,172.0,-337.7817993164062,304.8790893554687,202.5189666748047,-338.89286449421917,305.925224380913,202.09192926597768,1.584684596172881,-337.84831985725765,304.4308110481657,202.0818768698408,0.6296236342109136,-338.0403925346098,303.8136704108184,201.28398291657524,1.6514154120666098,-338.4174389666711,304.9251587261665,201.56513415339947,1.1471515291345071
20260719_145127_668001,23,L_yellow,978.0,281.0,-288.5165100097656,179.9159851074218,200.9425659179687,-288.337212113855,179.16072371617008,200.81867009470182,0.7860774005251763,-288.14726195229866,180.22524890171644,200.830550697526,0.4945054418461665,-288.4423847391808,180.70549957268528,200.952328682816,0.7930466305186844,-288.0276079557717,179.9295691345315,200.51557529886952,0.6492539818828043
20260719_145127_668001,24,T,121.0,458.0,-207.7753295898437,-230.9450378417968,196.352783203125,-208.3500831081252,-228.72297737356743,196.9734421206796,2.37762735162277,-207.43958802027862,-230.04118059215213,196.95973085672244,1.1393268993035623,-207.34918745135306,-230.33707685707626,196.69464699282287,0.8173643813173657,-207.42232434766382,-230.74304040135507,196.00652810168472,0.5341425485999913
20260719_145127_668001,25,z_blue,1191.0,399.0,-231.854049682617,279.1114807128906,201.2086639404297,-230.89340174396,280.1807324509999,202.11429315107597,1.6989137731714032,-231.526533301881,279.3478732456139,202.10626689699285,0.9842964374662112,-231.03969121638286,279.24233110479184,201.67026660940724,0.9451870505858064,-230.94739347086022,279.04845197940097,201.65347925436976,1.0118590668062657
20260719_145127_668001,26,line,1020.0,129.0,-359.8590087890625,200.1674194335937,201.20361328125,-360.43984961148726,199.60324383471107,201.09136490817872,0.8174777456462007,-359.6611963284277,200.25714946843445,201.09976005005572,0.24076283426726636,-359.96571869642554,200.4022349399106,201.3268946571625,0.2858734404997819,-359.6694237988147,200.03121486321058,201.2173454921964,0.23384338164246013
20260719_145127_668001,27,z_blue,369.0,96.0,-380.5260925292968,-108.754409790039,197.66943359375,-379.3584465162413,-110.04074328675388,197.9226655175874,1.7556131361508778,-379.92127034927927,-109.09127533838793,197.93126385002918,0.7401644075533662,-379.90145187222,-108.96279460928174,198.22977000124817,0.8646253945681727,-379.7114943195609,-108.58159630869169,198.34826175309664,1.0743567436202193
20260719_145127_668001,28,L_yellow,212.0,98.0,-379.484649658203,-184.6176147460937,197.0047454833984,-379.21947650402774,-184.51388750402054,197.20369196606103,0.34735550291767747,-380.2393735549984,-185.2552558535402,197.19380525203945,1.005951260458591,-379.7941740635683,-185.39264986091402,197.00028903968672,0.8345685391936565,-379.8381749293116,-185.50567177289636,196.92751855672364,0.958952239879356
20260719_145127_668001,29,z_green,972.0,81.0,-382.4164428710937,177.2765502929687,201.410202026367,-383.58354375456656,176.83107446248533,200.62842227685576,1.47368679321416,-382.7958129456586,178.0482566246368,200.64335783225934,1.152172874983886,-383.30672050841264,178.23942716666758,201.12539928716313,1.3419533321514456,-383.11945611873233,177.8493997058277,200.43734484454615,1.3299756284942652
20260719_145127_668001,30,square,407.0,176.0,-341.11376953125,-90.51924896240234,198.365036010742,-341.1314165383932,-91.74459056421955,198.11926756478843,1.2498702280762972,-341.4902494704673,-90.81911885642859,198.1282335862472,0.5364088797018308,-341.6465345801981,-90.67984947028208,198.3364331036665,0.5571797257663332,-341.38501243960815,-90.61318043801941,198.51115559587134,0.3220974551351826
20260719_145127_668001,31,z_green,399.0,306.0,-279.6478271484375,-95.06535339355467,199.064498901367,-279.32635489266096,-96.16341638750635,198.14402123752262,1.4684569723204521,-279.19203386576794,-95.1075061547987,198.1535733584864,1.019465407200994,-279.46622760412566,-94.62386507100082,198.24570015928646,0.9477983506412855,-279.59827461910737,-94.22206138483389,198.4100425565735,1.06860187739672
20260719_145127_668001,32,line,275.0,38.0,-408.6815795898437,-154.0393676757812,197.9784393310547,-407.3825604429718,-154.45741785948482,197.3531416167889,1.5010709282044152,-408.40242931025836,-154.4443155877081,197.3498893039627,0.7981120388290595,-407.93143151260443,-154.77416609407516,197.17203180856083,1.3239878948267416,-408.2141404788732,-154.82017874798382,197.10229217148003,1.2632494204114317
20260719_145127_668001,33,z_blue,1108.0,38.0,-402.7892150878906,241.7965698242187,201.1371002197265,-403.2530928855581,241.57416916322924,201.39633953914836,0.576063963385722,-401.859493775565,241.46022130981694,201.39995661088835,1.023037401128315,-402.45085746073613,241.31831784493033,201.55451959313066,0.7193398173603157,-402.3421061217846,242.14322580899415,202.8529273762927,1.806693009496391
20260719_145127_668001,34,L_blue,1095.0,201.0,-325.7032775878906,235.4972991943359,200.862106323242,-325.65831582468843,235.18324982565295,201.5557391712888,0.7627418265769456,-325.3226156396297,235.11521018329157,201.55685324428995,0.8795276092996016,-325.3303502024232,235.1236778583685,201.51712101037384,0.8412561903963036,-325.1363425952733,234.97709440839182,201.56255898246434,1.0405105636103982
