运行编号,任务序号,方块类别,托盘行,托盘列,高位检测像素X,高位检测像素Y,实测TCP位置X,实测TCP位置Y,实测TCP位置Z,affine_预测TCP_X,affine_预测TCP_Y,affine_预测TCP_Z,affine_OOF三维误差,homography_预测TCP_X,homography_预测TCP_Y,homography_预测TCP_Z,homography_OOF三维误差,poly2_预测TCP_X,poly2_预测TCP_Y,poly2_预测TCP_Z,poly2_OOF三维误差,poly3_预测TCP_X,poly3_预测TCP_Y,poly3_预测TCP_Z,poly3_OOF三维误差
20260719_145127_668001,1,L_yellow,2.0,1.0,509.2535095214844,529.6647338867188,-171.5677032470703,-42.89163208007812,190.7348327636718,-171.91054457053843,-42.68804988939722,189.96475768303864,0.8671802069073974,-171.52700436904433,-42.89710198661827,189.9653828718494,0.7705449075658065,-171.4563959253094,-42.60291427250626,190.08066734444992,0.7236571619160611,-170.96295996945773,-42.84949274041652,189.28860090834334,1.5681443604246055
20260719_145127_668001,2,T,1.5,4.0,634.4891967773438,549.3543701171875,-161.3328857421875,17.29730796813965,190.4459686279297,-161.9247196626017,17.11648941900055,190.47530776894425,0.6195349241657556,-161.7456694492125,17.2262581573153,190.4786998289618,0.4201306891009993,-161.56174289224884,17.27493271920093,191.67897382553903,1.2542639531737043,-161.69131836493864,16.836500244067267,191.9328954785189,1.5974257925237674
20260719_145127_668001,3,line,1.0,7.5,781.968505859375,568.605712890625,-151.579849243164,87.47100830078125,190.0982055664062,-151.87662780402098,87.62161527649876,190.97836195258014,0.9409756848303268,-152.02613792060814,87.70226337863596,190.9810792954225,1.0159323383156775,-151.75800744494788,87.5443944163728,192.16255311767395,2.073320206637091,-151.74221736074009,87.36613151616298,192.57057602507115,2.4799149643558795
20260719_145127_668001,4,z_green,2.0,9.5,865.5595703125,525.5950927734375,-172.2363891601562,127.3415374755859,191.0497894287109,-171.8578239504007,127.78602893337488,191.2057839751113,0.60433316357061,-172.11125383068241,127.70797235353201,191.2060493758569,0.4175530403912398,-171.99793561012947,127.28226291159984,190.88974069531537,0.29323909445638136,-172.0216117208893,127.0369673750317,189.71839341828797,1.3825728303202514
20260719_145127_668001,5,L_yellow,3.0,2.0,550.071044921875,487.2096252441406,-191.7130432128906,-23.18762969970703,190.6935577392578,-192.1348682707506,-23.161705632105775,190.15987608144445,0.6807529277248803,-191.86348112607246,-23.198771740837614,190.16196681826065,0.5525799653350439,-191.84444191796277,-23.080963336234312,190.56272261017313,0.21391859151028617,-191.9028584590203,-23.189234605735386,190.4362872741165,0.3197194013829513
20260719_145127_668001,6,L_blue,3.0,4.0,633.8236694335938,486.59661865234375,-191.636489868164,17.10352516174316,191.5553283691406,-191.81469292191423,16.98186743704588,190.35987212990545,1.214772633158425,-191.69801755633307,17.06511690819608,190.3622529269981,1.1952781521451215,-191.66611259770562,17.12222961290306,190.5128920083471,1.0430248937120628,-191.70222349817578,17.20415999904826,190.36783164885335,1.1935647201919581
20260719_145127_668001,7,L_yellow,2.0,7.0,760.1610717773438,526.89404296875,-171.8656768798828,77.16024780273438,192.3016510009765,-171.83851753653215,77.31325434092787,190.59877314845107,1.7099536868824328,-171.94614816660788,77.43421789877543,190.6012583148329,1.7242014176431317,-171.80177193325105,77.36335501796792,190.76662355872458,1.5497243727677634,-171.7246103621763,77.36452872134657,190.82511765344358,1.4972578877747356
20260719_145127_668001,8,T,5.0,1.5,528.0736083984375,403.876220703125,-232.0867767333984,-33.33591842651367,189.0348815917968,-231.98561632450938,-33.45382925554692,190.04137939826674,1.0184175108268356,-231.91568210544665,-33.61785321463226,190.04256907139165,1.0602804595943827,-232.00285274921416,-33.488443033787796,189.87625879712138,0.8591988085334517,-231.9645513365811,-33.39753747572579,189.89570756104683,0.8716405819993867
20260719_145127_668001,9,z_blue,5.0,3.5,611.3365478515625,402.6890258789063,-232.0787658691406,7.01741886138916,189.9097442626953,-232.22181154232757,6.271077635392205,190.31912469107104,0.8631799495917679,-232.1261646676815,6.347921036438493,190.3209769372837,0.7871380414932987,-232.15879447597237,6.430796641631415,190.33648774981438,0.7298220402423335,-232.28260094873775,6.453079196326847,190.22904350045098,0.6796911066568221
20260719_145127_668001,10,z_green,4.5,5.0,674.5249633789062,422.929931640625,-222.139923095703,36.75831222534179,189.699737548828,-222.0814996092115,36.528879046646736,190.53799442227208,0.8710496387325821,-222.06226443235184,36.615515228115335,190.53951789794777,0.8553671055038853,-222.09254562660456,36.6946064677593,190.70490486287642,1.0082977622501312,-222.21676316710636,36.832336849004065,191.2527640121342,1.556687263778748
20260719_145127_668001,11,square,3.5,6.5,738.1994018554688,464.0882568359375,-202.1272583007812,66.950439453125,191.4087677001953,-202.0400753093459,66.88564090011674,190.61424821067342,0.8019108090665038,-202.0863716576241,67.03037427993702,190.61582320634224,0.7980114438139498,-202.05781282164048,67.05927353046093,190.6285623758382,0.7908146932865212,-201.9898548064649,67.24066286406484,191.03416172285287,0.49339536557265057
20260719_145127_668001,12,L_blue,5.0,9.0,842.4749755859375,399.62884521484375,-232.3566284179687,116.6856536865234,192.3148040771484,-232.34227143455263,116.88871692138123,191.0350982496788,1.2957962051122807,-232.4664283208322,116.8067788538932,191.03379528034452,1.2913988006530535,-232.63422947967538,116.78462198189166,190.60870466412658,1.73136717078216,-232.637204106597,116.68513715923679,191.0488411066076,1.2966823923498807
20260719_145127_668001,13,line,4.5,10.0,884.9165649414062,420.0105590820313,-222.5431976318359,136.8722839355468,189.2439575195312,-222.35025734375512,137.15937934602633,191.17147545777902,1.9583092533484805,-222.5314884071861,136.97406716064802,191.169299394458,1.9280659392771182,-222.7512820740079,136.85451724601535,190.66699381334723,1.4382792092805279,-222.851140832021,136.41180213989824,191.32159582059728,2.1502217115266804
20260719_145127_668001,14,square,5.5,7.5,778.8758544921875,379.48638916015625,-242.4962158203125,86.87061309814453,190.6090393066406,-242.3699350631499,86.43625775350773,190.8663770747941,0.5204172575562126,-242.42049726164808,86.50821689909604,190.86753846879648,0.4515375090137085,-242.45833207739253,86.51870031965879,190.67297775577197,0.35967472376649606,-242.34262110755276,86.72471434486965,190.8440640250855,0.31640859703081875
20260719_145127_668001,15,z_green,7.0,1.5,527.2200317382812,320.48016357421875,-271.9333190917968,-34.2231216430664,189.2391662597656,-271.95142114714986,-33.77118066797882,190.07115148910498,0.9469835010231277,-271.9453013837989,-33.856772379715146,190.07141010247213,0.9093872507367606,-272.12620156904285,-33.76077829924783,189.71134734809036,0.6884184757641633,-272.1983135096756,-33.45220273143377,189.66200538226812,0.9183305142150322
20260719_145127_668001,16,z_blue,7.0,3.5,610.23583984375,319.20733642578125,-272.372314453125,5.99630546569824,190.0777435302734,-272.09960321272587,5.912375482001902,190.31167272466158,0.3689695526603764,-272.10531493369666,5.9571752011923635,190.31248203086142,0.35766196978931125,-272.21011524826304,6.070920655087757,190.25178253992306,0.2493302737842245,-272.34699076907316,6.049649380354417,190.21371674167264,0.14824161501758948
20260719_145127_668001,17,T,7.0,6.5,735.71875,317.2556457519531,-272.3896484375,66.48056030273438,189.8012237548828,-272.3292460157389,65.95018546063145,190.74872211196828,1.0875196836701262,-272.3701634893701,66.03647534886719,190.7493831867397,1.0471854743425395,-272.473567572025,66.12204693019952,190.73829176456871,1.0068121543775874,-272.4705836385696,66.2464399826856,191.08689542186974,1.3093183212362334
20260719_145127_668001,18,line,7.5,5.0,672.5753784179688,297.3886413574219,-282.4130859375,35.846378326416,190.017379760742,-282.2342732875278,35.76814867053351,190.47513915366235,0.4976318967433612,-282.25241699812125,35.857861564640075,190.47566076683617,0.48576522455595766,-282.3298492826426,36.00190654287843,190.19702537223034,0.251773534262155,-282.3561657386037,36.02528536439691,190.1650097891698,0.23883522054984538
20260719_145127_668001,19,L_blue,7.0,9.0,840.8792114257812,315.6290283203125,-272.832275390625,116.0561447143554,191.6246337890625,-272.51549669235015,116.22483418939062,190.9095856660192,0.8000616857068551,-272.51755206310867,116.14338072174188,190.90932280607535,0.7863400639988575,-272.6560081390967,116.17214376556068,190.56824171280732,1.0772604803930195,-272.5749146775324,116.13226069609807,190.61758187973362,1.0422004257354418
20260719_145127_668001,20,L_blue,9.0,3.0,588.3612670898438,236.26495361328125,-312.1860961914062,-4.629951953887939,191.32080078125,-311.9273497550342,-4.4459095867768825,190.0992743233755,1.2621205166363672,-312.0848963607433,-4.403096910458196,190.0996332270895,1.246176075757375,-312.1286855140136,-4.335258746030186,189.85077042275967,1.5003763952819924,-312.1939226163597,-4.467551339388258,189.28675532584342,2.040533294797614
20260719_145127_668001,21,T,8.5,7.0,756.0214233398438,254.27566528320312,-302.5707092285156,76.19513702392578,189.9673614501953,-302.34714266918536,75.73281846218636,190.69271569505557,0.88874025424551,-302.3315473516834,75.82745252832771,190.69287334089617,0.8477958452253983,-302.42566815554346,75.91180360115362,190.5006094557195,0.6210218810188903,-302.3193029734882,75.75762094286824,190.4040458953894,0.6673220593726242
20260719_145127_668001,22,square,8.5,9.5,861.16064453125,252.4290008544922,-302.8284606933593,126.1162185668945,190.7241058349609,-302.76168713506934,126.00775038814956,190.9890899751539,0.2940079054052165,-302.72611620534747,125.8747791596816,190.98734125707338,0.3715646229614177,-302.96722281079184,126.0064211391934,190.5467927086173,0.25050018989590117,-302.91424489159374,125.53999181549224,190.56796016187803,0.6031398419279133
20260719_145127_668001,23,L_yellow,10.0,1.0,504.8252868652344,196.0233154296875,-331.9247741699218,-44.1291389465332,189.6317749023437,-331.607004284824,-44.31238528363665,190.00291322649736,0.5218242765457712,-331.92213899288805,-44.53104140050145,190.00058937925002,0.5454875296827447,-331.9513543782648,-44.7548857978583,189.37115268489129,0.6783727365163191,-331.76425394170525,-44.903854021556064,189.34682509918255,0.8409200803024921
20260719_145127_668001,24,T,10.0,4.5,650.304443359375,193.3720245361328,-332.3607482910156,25.23602485656738,190.321044921875,-332.07796116007864,25.26457022507303,190.41651536845114,0.29982996123826755,-332.1797739454968,25.38188507739506,190.41625401414552,0.25118059042619617,-332.19802548350833,25.382748713212443,190.20461989238237,0.24811567802986004,-332.2023366967612,25.205440451103154,189.99842409832092,0.3607129535274988
20260719_145127_668001,25,z_blue,11.0,6.5,733.5804443359375,149.61138916015625,-352.4376220703125,65.68701934814453,190.2517700195312,-352.6524899948683,65.05143125058048,190.4213243719738,0.6920181595884896,-352.59249945595303,65.13943320469555,190.42049497250792,0.5935534506994081,-352.5666248618624,65.18402507504476,190.5173852194955,0.5832635711673768,-352.5586670030112,65.05508115205531,190.50524199168981,0.6915531795014106
20260719_145127_668001,26,line,10.0,8.5,818.2548828125,190.03253173828125,-332.6734008789062,104.7628173828125,190.033981323242,-332.77360292211887,105.61177401785127,191.03329632969218,1.3150658917928393,-332.7260429681697,105.59050118169051,191.03212229263656,1.2977353564078828,-332.81738724129355,105.73045568554393,190.9156710831359,1.3169786597239423,-332.7012396286214,105.7033858151729,190.8063555376161,1.217376646304922
20260719_145127_668001,27,z_blue,11.0,2.5,566.4390869140625,153.24014282226562,-352.0854187011718,-14.95479869842529,189.6050872802734,-351.80213441561165,-14.814974423744085,190.15530163143004,0.6344577578169949,-351.9425515830934,-14.80510217407761,190.15498841164086,0.5875468637555702,-351.95351102082066,-14.948791757165548,189.990079577606,0.4070071110980074,-352.00585506959027,-15.062033947960321,189.7182185319435,0.17500985777300684
20260719_145127_668001,28,L_yellow,12.0,8.0,795.9614868164062,106.56511688232422,-371.8850708007812,94.71640014648438,192.1581573486328,-372.9910451342244,95.01044800900343,190.7017976618405,1.8521951595339579,-372.8463287325866,95.00902497492143,190.70104170311208,1.7699808208276975,-372.80935506425794,95.09287281522052,190.89914937783297,1.6065908441646268,-372.77447408796655,95.11881408145236,190.64767490728735,1.7984805775780504
20260719_145127_668001,29,z_green,12.0,9.5,858.8574829101562,105.65296173095705,-373.0275573730468,124.9393463134765,190.202178955078,-372.91970677875406,125.1301909315241,191.04197020450465,0.867930159368015,-372.56586606784583,124.95390589297148,191.03930571954174,0.9561129966875143,-372.63564396760154,125.09493598075626,191.47513592784003,1.3409786413046931,-372.543854162101,124.9313030363014,191.44511361568425,1.3337616208016114
20260719_145127_668001,30,square,12.5,1.5,524.2689208984375,91.8775863647461,-381.4786071777343,-35.20034790039062,189.8516235351562,-381.4070108772905,-34.90187064323896,189.85196825484934,0.3069443306296602,-381.7547360228159,-34.958185510088654,189.85099709952442,0.3672739505933579,-381.69884465734964,-35.36357203346855,189.78521787624442,0.28205739944532315,-381.63653283369723,-35.12193164831929,190.56343114697376,0.7333210058641794
20260719_145127_668001,31,z_green,13.0,3.5,606.907470703125,68.83535766601562,-392.0086364746093,4.130574703216552,190.6363220214843,-391.92418853521735,4.693064279504602,190.34172043564683,0.6405591871780489,-392.1916799352263,4.752829788510418,190.34022575993606,0.713007219985577,-392.0040563060107,4.5602317519387405,190.3327549582314,0.5260980130669975,-392.126258750882,4.727295013670371,190.43986718244253,0.6391436713029385
20260719_145127_668001,32,line,12.5,5.0,669.8211669921875,88.49667358398438,-382.2572937011718,34.42050170898437,190.5267028808593,-382.2007968670114,34.73060445677073,190.34563281429914,0.3635133772764094,-382.2650695290869,34.844929676233335,190.3447748347049,0.4618412896877084,-382.15566772995174,34.802005398626775,190.88956984412962,0.5362325393616357,-382.1427293303654,34.72555774702139,190.5730097404467,0.3291329619560539
20260719_145127_668001,33,z_blue,13.0,6.5,732.439453125,66.26007080078125,-392.4526062011718,65.07250213623047,190.4447784423828,-392.64089121248884,64.68369315975966,190.49102814731037,0.43446829674536447,-392.5592607511238,64.76161929939158,190.49089404258817,0.3318885051470695,-392.36756260164196,64.72138437738573,190.94819905721826,0.6196357073623548,-392.38548162584226,64.83593767911532,191.00236681423632,0.6094040067226423
20260719_145127_668001,34,L_blue,14.0,9.0,836.3265380859375,22.901275634765625,-412.4518432617187,114.9498214721679,192.3197174072265,-412.7837452453804,114.30006064246763,190.61152128445835,1.8574934875825293,-412.2325392997519,114.10724536581876,190.6081274255104,1.9203043998897102,-412.1081698765573,113.91511567833153,191.40247125028438,1.4248045437504469,-412.0037704723841,114.39359236820926,191.3835354584622,1.177538399299514
